Products Name,Price,Image
LENOVO THINKPAD T450 DUAL DRIVE LAPTOP CORE i5 GEN 5 HARGA KY T440P !! - ECONOMY,LENOVO THINKPAD T450 DUAL DRIVE LAPTOP CORE i5 GEN 5 HARGA KY T440P !! - ECONOMY,LENOVO THINKPAD T450 DUAL DRIVE LAPTOP CORE i5 GEN 5 HARGA KY T440P !! - ECONOMY
Laptop Dell 6410 Core i5 - Super murah - Bergaransi,Laptop Dell 6410 Core i5 - Super murah - Bergaransi,Laptop Dell 6410 Core i5 - Super murah - Bergaransi
LAPTOP RAM 8GB CORE i5 DENGAN SSD MERK DELL VGA INTEL NVIDIA BONUS TAS - HDD,LAPTOP RAM 8GB CORE i5 DENGAN SSD MERK DELL VGA INTEL NVIDIA BONUS TAS - HDD,LAPTOP RAM 8GB CORE i5 DENGAN SSD MERK DELL VGA INTEL NVIDIA BONUS TAS - HDD
Laptop HP 8440p Intel Core i5-Bonus Tas-Kualitas OK-Obral Murah,Laptop HP 8440p Intel Core i5-Bonus Tas-Kualitas OK-Obral Murah,Laptop HP 8440p Intel Core i5-Bonus Tas-Kualitas OK-Obral Murah
Obrall Harga Promo Laptop Hp2570p Ci5 gen3 Harga Murah Barang Mulus,Obrall Harga Promo Laptop Hp2570p Ci5 gen3 Harga Murah Barang Mulus,Obrall Harga Promo Laptop Hp2570p Ci5 gen3 Harga Murah Barang Mulus
Laptop Lenovo X230 Tab Core i7 - Ram 4gb - Hdd 320gb - Supermurah,Laptop Lenovo X230 Tab Core i7 - Ram 4gb - Hdd 320gb - Supermurah,Laptop Lenovo X230 Tab Core i7 - Ram 4gb - Hdd 320gb - Supermurah
Laptop Dell Xps 13 i7 ram 16gb ssd 512gb Touch 4k not macbook zenbook,Laptop Dell Xps 13 i7 ram 16gb ssd 512gb Touch 4k not macbook zenbook,Laptop Dell Xps 13 i7 ram 16gb ssd 512gb Touch 4k not macbook zenbook
Laptop Hp 640 G1 Core i5 - RAM 8GB - HDD 500GB Bergaransi,Laptop Hp 640 G1 Core i5 - RAM 8GB - HDD 500GB Bergaransi,Laptop Hp 640 G1 Core i5 - RAM 8GB - HDD 500GB Bergaransi
"LAPTOP ACER SWIFT 3 SF313 51 514S i5 8250U-8GB-256SSD 13,3FHD W10","LAPTOP ACER SWIFT 3 SF313 51 514S i5 8250U-8GB-256SSD 13,3FHD W10","LAPTOP ACER SWIFT 3 SF313 51 514S i5 8250U-8GB-256SSD 13,3FHD W10"
JUAL LAPTOP HP 4540s probook core i5 2.5ghz 3210M ready dan siap pakai,JUAL LAPTOP HP 4540s probook core i5 2.5ghz 3210M ready dan siap pakai,JUAL LAPTOP HP 4540s probook core i5 2.5ghz 3210M ready dan siap pakai
LENOVO THINKPAD X230 DUAL DRIVE LAPTOP CORE i5 GEN 3 MULUS MUANTAP - STANDART,LENOVO THINKPAD X230 DUAL DRIVE LAPTOP CORE i5 GEN 3 MULUS MUANTAP - STANDART,LENOVO THINKPAD X230 DUAL DRIVE LAPTOP CORE i5 GEN 3 MULUS MUANTAP - STANDART
OBRAL LAPTOP DELL LATITUDE E6420 CORE I5 SANDYBRIDGE MULUSSSS GAN..,OBRAL LAPTOP DELL LATITUDE E6420 CORE I5 SANDYBRIDGE MULUSSSS GAN..,OBRAL LAPTOP DELL LATITUDE E6420 CORE I5 SANDYBRIDGE MULUSSSS GAN..
LAPTOP LENOVO X121E AMD - RAM 2GB - HDD 320GB - TAS ORI - MOUSE,LAPTOP LENOVO X121E AMD - RAM 2GB - HDD 320GB - TAS ORI - MOUSE,LAPTOP LENOVO X121E AMD - RAM 2GB - HDD 320GB - TAS ORI - MOUSE
Acer Swift 3 Ultra-Thin Laptop - SF315-41 - Ryzen 5 8GB VEGA 8 W10 - P,Acer Swift 3 Ultra-Thin Laptop - SF315-41 - Ryzen 5 8GB VEGA 8 W10 - P,Acer Swift 3 Ultra-Thin Laptop - SF315-41 - Ryzen 5 8GB VEGA 8 W10 - P
Laptop Ringan Core i5 Gen 4 Murah Toshiba Portege R30,Laptop Ringan Core i5 Gen 4 Murah Toshiba Portege R30,Laptop Ringan Core i5 Gen 4 Murah Toshiba Portege R30
LAPTOP ACER TRAVELMATE 8471 CORE 2 DUO MULUS MANTAP GAN DNA BERGARANSI,LAPTOP ACER TRAVELMATE 8471 CORE 2 DUO MULUS MANTAP GAN DNA BERGARANSI,LAPTOP ACER TRAVELMATE 8471 CORE 2 DUO MULUS MANTAP GAN DNA BERGARANSI
Laptop Lenovo Ideapad 330S 15ARR AMD Ryzen 5 RAM 8GB SSD 256GB - Grey,Laptop Lenovo Ideapad 330S 15ARR AMD Ryzen 5 RAM 8GB SSD 256GB - Grey,Laptop Lenovo Ideapad 330S 15ARR AMD Ryzen 5 RAM 8GB SSD 256GB - Grey
OBRAL MURAH LAPTOP HP 8460 I5 GENERASI KE 2,OBRAL MURAH LAPTOP HP 8460 I5 GENERASI KE 2,OBRAL MURAH LAPTOP HP 8460 I5 GENERASI KE 2
Laptop Dell E6320 Core i5 - RAM 4GB - HDD 320GB - Mulus n bergaransi,Laptop Dell E6320 Core i5 - RAM 4GB - HDD 320GB - Mulus n bergaransi,Laptop Dell E6320 Core i5 - RAM 4GB - HDD 320GB - Mulus n bergaransi
Laptop Gaming Lenovo Ideapad 130 AMD A4 9125 4GB RAM 500GB Windows 10 - Hitam,Laptop Gaming Lenovo Ideapad 130 AMD A4 9125 4GB RAM 500GB Windows 10 - Hitam,Laptop Gaming Lenovo Ideapad 130 AMD A4 9125 4GB RAM 500GB Windows 10 - Hitam
LENOVO THINKPAD T450 DUAL DRIVE LAPTOP CORE i5 GEN 5 HARGA KY T440P !! - ECONOMY,LENOVO THINKPAD T450 DUAL DRIVE LAPTOP CORE i5 GEN 5 HARGA KY T440P !! - ECONOMY,https://ecs7.tokopedia.net/img/cache/200-square/product-1/2020/1/6/5190425/5190425_c2b52bf0-7834-477b-991e-5b31c3950929_2048_2048
Laptop Dell 6410 Core i5 - Super murah - Bergaransi,Laptop Dell 6410 Core i5 - Super murah - Bergaransi,https://ecs7.tokopedia.net/img/cache/200-square/product-1/2020/1/20/384274213/384274213_3c8630ff-10f9-4868-b51a-6d3e03b50575_1062_1062.jpg
LAPTOP RAM 8GB CORE i5 DENGAN SSD MERK DELL VGA INTEL NVIDIA BONUS TAS - HDD,LAPTOP RAM 8GB CORE i5 DENGAN SSD MERK DELL VGA INTEL NVIDIA BONUS TAS - HDD,https://ecs7.tokopedia.net/img/cache/200-square/product-1/2020/1/8/410218121/410218121_a7e5e258-776b-4347-a652-c34c6f9ceaf0_1512_1512.jpg
Laptop HP 8440p Intel Core i5-Bonus Tas-Kualitas OK-Obral Murah,Laptop HP 8440p Intel Core i5-Bonus Tas-Kualitas OK-Obral Murah,https://ecs7.tokopedia.net/img/cache/200-square/product-1/2020/1/17/215754359/215754359_556b5144-9b51-42b8-bc82-6a8f99d412f4_718_718.jpg
Obrall Harga Promo Laptop Hp2570p Ci5 gen3 Harga Murah Barang Mulus,Obrall Harga Promo Laptop Hp2570p Ci5 gen3 Harga Murah Barang Mulus,https://ecs7.tokopedia.net/img/cache/200-square/product-1/2019/4/8/538528/538528_41fc0d6d-c679-42e6-897c-cf63a5501303_1512_1512.jpg
Laptop Lenovo X230 Tab Core i7 - Ram 4gb - Hdd 320gb - Supermurah,Laptop Lenovo X230 Tab Core i7 - Ram 4gb - Hdd 320gb - Supermurah,https://ecs7.tokopedia.net/img/cache/200-square/product-1/2019/6/10/32604150/32604150_9744a5e9-04b9-4770-9ff5-78459e1b1951_1032_1032
Laptop Dell Xps 13 i7 ram 16gb ssd 512gb Touch 4k not macbook zenbook,Laptop Dell Xps 13 i7 ram 16gb ssd 512gb Touch 4k not macbook zenbook,https://ecs7.tokopedia.net/img/cache/200-square/product-1/2020/1/21/121170/121170_3d93c808-f7d8-4b98-b837-199ff02c97a0_960_960.jpg
Laptop Hp 640 G1 Core i5 - RAM 8GB - HDD 500GB Bergaransi,Laptop Hp 640 G1 Core i5 - RAM 8GB - HDD 500GB Bergaransi,https://ecs7.tokopedia.net/img/cache/200-square/product-1/2019/4/5/32604150/32604150_9ba6a668-033e-445f-877c-5e4be2881a91_700_700.jpg
"LAPTOP ACER SWIFT 3 SF313 51 514S i5 8250U-8GB-256SSD 13,3FHD W10","LAPTOP ACER SWIFT 3 SF313 51 514S i5 8250U-8GB-256SSD 13,3FHD W10",https://ecs7.tokopedia.net/img/cache/200-square/product-1/2019/11/29/20676804/20676804_31d1b59f-25f6-4848-aa88-225221b2f107_800_800
JUAL LAPTOP HP 4540s probook core i5 2.5ghz 3210M ready dan siap pakai,JUAL LAPTOP HP 4540s probook core i5 2.5ghz 3210M ready dan siap pakai,https://ecs7.tokopedia.net/img/cache/200-square/attachment/2019/6/15/15605820862382/15605820862382_dfcaa7b7-39d3-4854-bfa8-2bee052cecdc.png
LENOVO THINKPAD X230 DUAL DRIVE LAPTOP CORE i5 GEN 3 MULUS MUANTAP - STANDART,LENOVO THINKPAD X230 DUAL DRIVE LAPTOP CORE i5 GEN 3 MULUS MUANTAP - STANDART,https://ecs7.tokopedia.net/img/cache/200-square/product-1/2020/1/16/5190425/5190425_dd4b714d-71d8-409e-8f7f-416163fae229_908_908
OBRAL LAPTOP DELL LATITUDE E6420 CORE I5 SANDYBRIDGE MULUSSSS GAN..,OBRAL LAPTOP DELL LATITUDE E6420 CORE I5 SANDYBRIDGE MULUSSSS GAN..,https://ecs7.tokopedia.net/img/cache/200-square/product-1/2018/11/10/1556905/1556905_34177dd5-7b3d-4925-88b4-3259e694dab8_1728_1728.jpg
LAPTOP LENOVO X121E AMD - RAM 2GB - HDD 320GB - TAS ORI - MOUSE,LAPTOP LENOVO X121E AMD - RAM 2GB - HDD 320GB - TAS ORI - MOUSE,https://ecs7.tokopedia.net/img/cache/200-square/product-1/2019/10/16/10386604/10386604_e2eb487b-e82b-4545-ac04-01ac9fe4be6c_1919_1919
Acer Swift 3 Ultra-Thin Laptop - SF315-41 - Ryzen 5 8GB VEGA 8 W10 - P,Acer Swift 3 Ultra-Thin Laptop - SF315-41 - Ryzen 5 8GB VEGA 8 W10 - P,https://ecs7.tokopedia.net/img/cache/200-square/product-1/2019/9/3/70419398/70419398_46717dff-478e-43aa-8839-56cf4d703292_700_700
Laptop Ringan Core i5 Gen 4 Murah Toshiba Portege R30,Laptop Ringan Core i5 Gen 4 Murah Toshiba Portege R30,https://ecs7.tokopedia.net/img/cache/200-square/product-1/2019/3/2/1425402/1425402_b2a4c4ab-a1e9-440f-970a-a3ec81f271e1_1560_1560.jpg
LAPTOP ACER TRAVELMATE 8471 CORE 2 DUO MULUS MANTAP GAN DNA BERGARANSI,LAPTOP ACER TRAVELMATE 8471 CORE 2 DUO MULUS MANTAP GAN DNA BERGARANSI,https://ecs7.tokopedia.net/img/cache/200-square/product-1/2019/10/1/6685195/6685195_d9aab915-9bd5-43f4-b0a6-3a8ac5805327_1728_1728.jpg
Laptop Lenovo Ideapad 330S 15ARR AMD Ryzen 5 RAM 8GB SSD 256GB - Grey,Laptop Lenovo Ideapad 330S 15ARR AMD Ryzen 5 RAM 8GB SSD 256GB - Grey,https://ecs7.tokopedia.net/img/cache/200-square/product-1/2019/12/17/1831160/1831160_633469b9-df47-47a6-ac6a-96c8b0ffab3e_672_672
OBRAL MURAH LAPTOP HP 8460 I5 GENERASI KE 2,OBRAL MURAH LAPTOP HP 8460 I5 GENERASI KE 2,https://ecs7.tokopedia.net/img/cache/200-square/product-1/2018/4/13/0/0_c3cac7fd-dae1-4b17-ad47-15bc61d9fa61_2048_2179.jpg
Laptop Dell E6320 Core i5 - RAM 4GB - HDD 320GB - Mulus n bergaransi,Laptop Dell E6320 Core i5 - RAM 4GB - HDD 320GB - Mulus n bergaransi,https://ecs7.tokopedia.net/img/cache/200-square/product-1/2019/9/14/559410749/559410749_4e002e98-83db-49f8-a2b4-6c9a4e89c5ee_796_796.jpg
Laptop Gaming Lenovo Ideapad 130 AMD A4 9125 4GB RAM 500GB Windows 10 - Hitam,Laptop Gaming Lenovo Ideapad 130 AMD A4 9125 4GB RAM 500GB Windows 10 - Hitam,https://ecs7.tokopedia.net/img/cache/200-square/product-1/2019/4/1/1831160/1831160_8cb5ad2e-e2c8-41a9-97d1-29de349b760c_700_700.jpg
